<?xml version="1.0" encoding="UTF-8"?>
<project-private xmlns="http://www.netbeans.org/ns/project-private/1">
    <editor-bookmarks xmlns="http://www.netbeans.org/ns/editor-bookmarks/2" lastBookmarkId="0"/>
    <open-files xmlns="http://www.netbeans.org/ns/projectui-open-files/2">
        <group>
            <file>file:/C:/Users/Khrisna%20Fauzan/Documents/NetBeansProjects/Tugas%20Akhir/src/com/tutorial/BattleNinja.java</file>
            <file>file:/C:/Users/Khrisna%20Fauzan/Documents/NetBeansProjects/Tugas%20Akhir/src/com/tutorial/DaftarLatihan.java</file>
            <file>file:/C:/Users/Khrisna%20Fauzan/Documents/NetBeansProjects/Tugas%20Akhir/src/com/tutorial/Absensi.java</file>
            <file>file:/C:/Users/Khrisna%20Fauzan/Documents/NetBeansProjects/Tugas%20Akhir/src/com/tutorial/Beranda.java</file>
            <file>file:/C:/Users/Khrisna%20Fauzan/Documents/NetBeansProjects/Tugas%20Akhir/src/com/tutorial/Login.java</file>
            <file>file:/C:/Users/Khrisna%20Fauzan/Documents/NetBeansProjects/Tugas%20Akhir/src/com/tutorial/Information.java</file>
        </group>
    </open-files>
</project-private>
